Workbook

Sheet 原始数据
A1: 序号 | B1: 登记日期 | C1: 姓名 | D1: 联系方式 | E1: 身份证号码 | F1: 来访时间 | G1: 离开时间 | H1: 来访事项 | I1: 出发地 | J1: 中高风险 | K1: 行程码 | L1: 体温
A2: 1 | B2: 44531 | C2: 戴宗 | D2: 18919740281 | E2: 321324200011074566 | F2: 0.35694444 | G2: 0.42222222 | H2: 公务 | I2: 江苏 | J2: 否 | K2: 绿色 | L2: 36.2
A3: 2 | B3: 44532 | C3: 孟康 | D3: 18017790961 | E3: 230521196806219714 | F3: 0.66319444 | G3: 0.78541667 | H3: 公务 | I3: 黑龙江 | J3: 否 | K3: 绿色 | L3: 36.5
A4: 3 | B4: 44533 | C4: 公孙胜 | D4: 13946452803 | E4: 460106198310045139 | F4: 0.38263889 | G4: 0.59236111 | H4: 活动 | I4: 海南 | J4: 否 | K4: 绿色 | L4: 36.2
A5: 4 | B5: 44533 | C5: 凌振 | D5: 18922377085 | E5: 210214196402054534 | F5: 0.44652778 | G5: 0.57708333 | H5: 会议 | I5: 辽宁 | J5: 否 | K5: 绿色 | L5: 36.8
A6: 5 | B6: 44534 | C6: 李逵 | D6: 18982673804 | E6: 500233196703197561 | F6: 0.48402778 | G6: 0.74930556 | H6: 公务 | I6: 重庆 | J6: 否 | K6: 绿色 | L6: 35.9
A7: 6 | B7: 44534 | C7: 焦挺 | D7: 18374932202 | E7: 640522196311105136 | F7: 0.58888889 | G7: 0.61666667 | H7: 参观 | I7: 宁夏 | J7: 否 | K7: 绿色 | L7: 36.7
A8: 7 | B8: 44534 | C8: 丁得孙 | D8: 13970900341 | E8: 640501198707026271 | F8: 0.68263889 | G8: 0.78472222 | H8: 活动 | I8: 宁夏 | J8: 否 | K8: 绿色 | L8: 36
A9: 8 | B9: 44534 | C9: 鲁智深 | D9: 18363080059 | E9: 15222419840811016X | F9: 0.66111111 | G9: 0.74444444 | H9: 参观 | I9: 内蒙古 | J9: 否 | K9: 绿色 | L9: 36.1
A10: 9 | B10: 44535 | C10: 关胜 | D10: 18948664407 | E10: 623026199007132632 | F10: 0.39861111 | G10: 0.67986111 | H10: 会议 | I10: 甘肃 | J10: 否 | K10: 绿色 | L10: 36.4
A11: 10 | B11: 44536 | C11: 黄信 | D11: 18375241082 | E11: 51140219890322602X | F11: 0.41805556 | G11: 0.45486111 | H11: 公务 | I11: 四川 | J11: 否 | K11: 绿色 | L11: 36.9
A12: 11 | B12: 44537 | C12: 卢俊义 | D12: 18979423639 | E12: 610702198901248136 | F12: 0.64305556 | G12: 0.75625 | H12: 会议 | I12: 陕西 | J12: 否 | K12: 绿色 | L12: 36.3
A13: 12 | B13: 44537 | C13: 马麟 | D13: 13530808253 | E13: 451301196405143144 | F13: 0.68055556 | G13: 0.76319444 | H13: 活动 | I13: 广西 | J13: 否 | K13: 绿色 | L13: 37.4
... A51: 50 | B51: 44561 | C51: 裴宣 | D51: 18964475696 | E51: 360722198803038446 | F51: 0.375 | G51: 0.41180556 | H51: 公务 | I51: 江西 | J51: 否 | K51: 绿色 | L51: 36.7

Sheet 访客登记表
A1: 序号 | B1: 登记日期 | C1: 姓名 | D1: 联系方式 | E1: 身份证号码 | F1: 性别 | G1: 出生日期 | H1: 登记年龄 | I1: 来访时间 | J1: 离开时间 | K1: 来访时长 | L1: 来访事项 | M1: 出发地 | N1: 中高风险 | O1: 行程码 | P1: 体温 | Q1: 状态
A2: 1 | B2: 44531 | C2: 戴宗 | D2: 18919740281 | E2: 321324199812024566 | F2: =IF(OR(LEN(E2)=15,LEN(E2)=18),IF(MOD(MID(E2,15,3)*1,2),"男","女"),#N/A) -> 女 | G2: =DATE(MID(E2,7,VLOOKUP(LEN(E2),{15,2;18,4},2,0)),MID(E2,VLOOKUP(LEN(E2),{15,9;18,11},2,0),2),MID(E2,VLOOKUP(LEN(E2),{15,11;18,13},2,0),2)) -> 36131 | H2: =DATEDIF(G2,B2,"y") -> 22 | I2: 0.66319444 | J2: 0.78541667 | K2: =J2-I2 -> 0.12222222 | L2: 公务 | M2: 江苏 | N2: 否 | O2: 绿 | P2: 36 | Q2: =IF(OR(N2="是",O2="红",P2>37.3),"异常","正常") -> 正常
A3: 2 | B3: 44532 | C3: 孟康 | D3: 18017790961 | E3: 230521196806219714 | F3: =IF(OR(LEN(E3)=15,LEN(E3)=18),IF(MOD(MID(E3,15,3)*1,2),"男","女"),#N/A) -> 男 | G3: =DATE(MID(E3,7,VLOOKUP(LEN(E3),{15,2;18,4},2,0)),MID(E3,VLOOKUP(LEN(E3),{15,9;18,11},2,0),2),MID(E3,VLOOKUP(LEN(E3),{15,11;18,13},2,0),2)) -> 25010 | H3: =DATEDIF(G3,B3,"y") -> 53 | I3: 0.35694444 | J3: 0.42222222 | K3: =J3-I3 -> 0.065277778 | L3: 公务 | M3: 黑龙江 | N3: 否 | O3: 绿 | P3: 36.5 | Q3: =IF(OR(N3="是",O3="红",P3>37.3),"异常","正常") -> 正常
A4: 3 | B4: 44533 | C4: 公孙胜 | D4: 13946452803 | E4: 460106198310045139 | F4: =IF(OR(LEN(E4)=15,LEN(E4)=18),IF(MOD(MID(E4,15,3)*1,2),"男","女"),#N/A) -> 男 | G4: =DATE(MID(E4,7,VLOOKUP(LEN(E4),{15,2;18,4},2,0)),MID(E4,VLOOKUP(LEN(E4),{15,9;18,11},2,0),2),MID(E4,VLOOKUP(LEN(E4),{15,11;18,13},2,0),2)) -> 30593 | H4: =DATEDIF(G4,B4,"y") -> 38 | I4: 0.38263889 | J4: 0.59236111 | K4: =J4-I4 -> 0.20972222 | L4: 活动 | M4: 海南 | N4: 否 | O4: 绿 | P4: 36.2 | Q4: =IF(OR(N4="是",O4="红",P4>37.3),"异常","正常") -> 正常
A5: 4 | B5: 44533 | C5: 凌振 | D5: 18922377085 | E5: 210214196402054534 | F5: =IF(OR(LEN(E5)=15,LEN(E5)=18),IF(MOD(MID(E5,15,3)*1,2),"男","女"),#N/A) -> 男 | G5: =DATE(MID(E5,7,VLOOKUP(LEN(E5),{15,2;18,4},2,0)),MID(E5,VLOOKUP(LEN(E5),{15,9;18,11},2,0),2),MID(E5,VLOOKUP(LEN(E5),{15,11;18,13},2,0),2)) -> 23412 | H5: =DATEDIF(G5,B5,"y") -> 57 | I5: 0.44652778 | J5: 0.57708333 | K5: =J5-I5 -> 0.13055556 | L5: 会议 | M5: 辽宁 | N5: 否 | O5: 绿 | P5: 36.8 | Q5: =IF(OR(N5="是",O5="红",P5>37.3),"异常","正常") -> 正常
A6: 5 | B6: 44534 | C6: 李逵 | D6: 18982673804 | E6: 500233196703197561 | F6: =IF(OR(LEN(E6)=15,LEN(E6)=18),IF(MOD(MID(E6,15,3)*1,2),"男","女"),#N/A) -> 女 | G6: =DATE(MID(E6,7,VLOOKUP(LEN(E6),{15,2;18,4},2,0)),MID(E6,VLOOKUP(LEN(E6),{15,9;18,11},2,0),2),MID(E6,VLOOKUP(LEN(E6),{15,11;18,13},2,0),2)) -> 24550 | H6: =DATEDIF(G6,B6,"y") -> 54 | I6: 0.48402778 | J6: 0.74930556 | K6: =J6-I6 -> 0.26527778 | L6: 公务 | M6: 重庆 | N6: 否 | O6: 绿 | P6: 35.9 | Q6: =IF(OR(N6="是",O6="红",P6>37.3),"异常","正常") -> 正常
A7: 6 | B7: 44534 | C7: 焦挺 | D7: 18374932202 | E7: 640522196311105136 | F7: =IF(OR(LEN(E7)=15,LEN(E7)=18),IF(MOD(MID(E7,15,3)*1,2),"男","女"),#N/A) -> 男 | G7: =DATE(MID(E7,7,VLOOKUP(LEN(E7),{15,2;18,4},2,0)),MID(E7,VLOOKUP(LEN(E7),{15,9;18,11},2,0),2),MID(E7,VLOOKUP(LEN(E7),{15,11;18,13},2,0),2)) -> 23325 | H7: =DATEDIF(G7,B7,"y") -> 58 | I7: 0.58888889 | J7: 0.61666667 | K7: =J7-I7 -> 0.027777778 | L7: 参观 | M7: 宁夏 | N7: 否 | O7: 绿 | P7: 36.7 | Q7: =IF(OR(N7="是",O7="红",P7>37.3),"异常","正常") -> 正常
A8: 7 | B8: 44534 | C8: 丁得孙 | D8: 13970900341 | E8: 640501198707026271 | F8: =IF(OR(LEN(E8)=15,LEN(E8)=18),IF(MOD(MID(E8,15,3)*1,2),"男","女"),#N/A) -> 男 | G8: =DATE(MID(E8,7,VLOOKUP(LEN(E8),{15,2;18,4},2,0)),MID(E8,VLOOKUP(LEN(E8),{15,9;18,11},2,0),2),MID(E8,VLOOKUP(LEN(E8),{15,11;18,13},2,0),2)) -> 31960 | H8: =DATEDIF(G8,B8,"y") -> 34 | I8: 0.68263889 | J8: 0.78472222 | K8: =J8-I8 -> 0.10208333 | L8: 活动 | M8: 宁夏 | N8: 否 | O8: 绿 | P8: 36 | Q8: =IF(OR(N8="是",O8="红",P8>37.3),"异常","正常") -> 正常
A9: 8 | B9: 44534 | C9: 鲁智深 | D9: 18363080059 | E9: 15222419840811016X | F9: =IF(OR(LEN(E9)=15,LEN(E9)=18),IF(MOD(MID(E9,15,3)*1,2),"男","女"),#N/A) -> 女 | G9: =DATE(MID(E9,7,VLOOKUP(LEN(E9),{15,2;18,4},2,0)),MID(E9,VLOOKUP(LEN(E9),{15,9;18,11},2,0),2),MID(E9,VLOOKUP(LEN(E9),{15,11;18,13},2,0),2)) -> 30905 | H9: =DATEDIF(G9,B9,"y") -> 37 | I9: 0.66111111 | J9: 0.74444444 | K9: =J9-I9 -> 0.083333333 | L9: 参观 | M9: 内蒙古 | N9: 否 | O9: 绿 | P9: 36.1 | Q9: =IF(OR(N9="是",O9="红",P9>37.3),"异常","正常") -> 正常
A10: 9 | B10: 44535 | C10: 关胜 | D10: 18948664407 | E10: 623026199007132632 | F10: =IF(OR(LEN(E10)=15,LEN(E10)=18),IF(MOD(MID(E10,15,3)*1,2),"男","女"),#N/A) -> 男 | G10: =DATE(MID(E10,7,VLOOKUP(LEN(E10),{15,2;18,4},2,0)),MID(E10,VLOOKUP(LEN(E10),{15,9;18,11},2,0),2),MID(E10,VLOOKUP(LEN(E10),{15,11;18,13},2,0),2)) -> 33067 | H10: =DATEDIF(G10,B10,"y") -> 31 | I10: 0.39861111 | J10: 0.67986111 | K10: =J10-I10 -> 0.28125 | L10: 会议 | M10: 甘肃 | N10: 否 | O10: 绿 | P10: 36.4 | Q10: =IF(OR(N10="是",O10="红",P10>37.3),"异常","正常") -> 正常
A11: 10 | B11: 44536 | C11: 黄信 | D11: 18375241082 | E11: 51140219890322602X | F11: =IF(OR(LEN(E11)=15,LEN(E11)=18),IF(MOD(MID(E11,15,3)*1,2),"男","女"),#N/A) -> 女 | G11: =DATE(MID(E11,7,VLOOKUP(LEN(E11),{15,2;18,4},2,0)),MID(E11,VLOOKUP(LEN(E11),{15,9;18,11},2,0),2),MID(E11,VLOOKUP(LEN(E11),{15,11;18,13},2,0),2)) -> 32589 | H11: =DATEDIF(G11,B11,"y") -> 32 | I11: 0.41805556 | J11: 0.45486111 | K11: =J11-I11 -> 0.036805556 | L11: 公务 | M11: 四川 | N11: 否 | O11: 绿 | P11: 36.9 | Q11: =IF(OR(N11="是",O11="红",P11>37.3),"异常","正常") -> 正常
A12: 11 | B12: 44537 | C12: 卢俊义 | D12: 18979423639 | E12: 610702198901248136 | F12: =IF(OR(LEN(E12)=15,LEN(E12)=18),IF(MOD(MID(E12,15,3)*1,2),"男","女"),#N/A) -> 男 | G12: =DATE(MID(E12,7,VLOOKUP(LEN(E12),{15,2;18,4},2,0)),MID(E12,VLOOKUP(LEN(E12),{15,9;18,11},2,0),2),MID(E12,VLOOKUP(LEN(E12),{15,11;18,13},2,0),2)) -> 32532 | H12: =DATEDIF(G12,B12,"y") -> 32 | I12: 0.64305556 | J12: 0.75625 | K12: =J12-I12 -> 0.11319444 | L12: 会议 | M12: 陕西 | N12: 否 | O12: 绿 | P12: 36.3 | Q12: =IF(OR(N12="是",O12="红",P12>37.3),"异常","正常") -> 正常
A13: 12 | B13: 44537 | C13: 马麟 | D13: 13530808253 | E13: 451301196405143144 | F13: =IF(OR(LEN(E13)=15,LEN(E13)=18),IF(MOD(MID(E13,15,3)*1,2),"男","女"),#N/A) -> 女 | G13: =DATE(MID(E13,7,VLOOKUP(LEN(E13),{15,2;18,4},2,0)),MID(E13,VLOOKUP(LEN(E13),{15,9;18,11},2,0),2),MID(E13,VLOOKUP(LEN(E13),{15,11;18,13},2,0),2)) -> 23511 | H13: =DATEDIF(G13,B13,"y") -> 57 | I13: 0.68055556 | J13: 0.76319444 | K13: =J13-I13 -> 0.082638889 | L13: 活动 | M13: 广西 | N13: 否 | O13: 绿 | P13: 37.4 | Q13: =IF(OR(N13="是",O13="红",P13>37.3),"异常","正常") -> 异常
... A51: 50 | B51: 44561 | C51: 裴宣 | D51: 18964475696 | E51: 360722198803038446 | F51: =IF(OR(LEN(E51)=15,LEN(E51)=18),IF(MOD(MID(E51,15,3)*1,2),"男","女"),#N/A) -> 女 | G51: =DATE(MID(E51,7,VLOOKUP(LEN(E51),{15,2;18,4},2,0)),MID(E51,VLOOKUP(LEN(E51),{15,9;18,11},2,0),2),MID(E51,VLOOKUP(LEN(E51),{15,11;18,13},2,0),2)) -> 32205 | H51: =DATEDIF(G51,B51,"y") -> 33 | I51: 0.375 | J51: 0.41180556 | K51: =J51-I51 -> 0.036805556 | L51: 公务 | M51: 江西 | N51: 否 | O51: 绿 | P51: 36.7 | Q51: =IF(OR(N51="是",O51="红",P51>37.3),"异常","正常") -> 正常

Sheet 统计
A1: 来访事项 统计项目 | C1: 参观 | D1: 公务 | E1: 会议 | F1: 活动 | G1: 总计
A2: 次数 | B2: 总计 | C2: =COUNTIF(访客登记表!$L:$L,C1) -> 7 | D2: =COUNTIF(访客登记表!$L:$L,D1) -> 20 | E2: =COUNTIF(访客登记表!$L:$L,E1) -> 18 | F2: =COUNTIF(访客登记表!$L:$L,F1) -> 5 | G2: =IF(SUM(C2:F2)=0,"-",SUM(C2:F2)) -> 50
B3: 异常 | C3: =COUNTIFS(访客登记表!$L:$L,C1,访客登记表!$Q:$Q,"异常") -> 1 | D3: =COUNTIFS(访客登记表!$L:$L,D1,访客登记表!$Q:$Q,"异常") -> 2 | E3: =COUNTIFS(访客登记表!$L:$L,E1,访客登记表!$Q:$Q,"异常") -> 2 | F3: =COUNTIFS(访客登记表!$L:$L,F1,访客登记表!$Q:$Q,"异常") -> 1 | G3: =IF(SUM(C3:F3)=0,"-",SUM(C3:F3)) -> 6
A4: 时长 | B4: 总计 | C4: =SUMIF(访客登记表!$L:$L,C1,访客登记表!$K:$K) -> 0.54791667 | D4: =SUMIF(访客登记表!$L:$L,D1,访客登记表!$K:$K) -> 1.5909722 | E4: =SUMIF(访客登记表!$L:$L,E1,访客登记表!$K:$K) -> 2.7638889 | F4: =SUMIF(访客登记表!$L:$L,F1,访客登记表!$K:$K) -> 1.0465278 | G4: =IF(SUM(C4:F4)=0,"-",SUM(C4:F4)) -> 5.9493056
B5: 异常 | C5: =SUMIFS(访客登记表!$K:$K,访客登记表!$L:$L,C1,访客登记表!$Q:$Q,"异常") -> 0.026388889 | D5: =SUMIFS(访客登记表!$K:$K,访客登记表!$L:$L,D1,访客登记表!$Q:$Q,"异常") -> 0.11458333 | E5: =SUMIFS(访客登记表!$K:$K,访客登记表!$L:$L,E1,访客登记表!$Q:$Q,"异常") -> 0.3 | F5: =SUMIFS(访客登记表!$K:$K,访客登记表!$L:$L,F1,访客登记表!$Q:$Q,"异常") -> 0.082638889 | G5: =IF(SUM(C5:F5)=0,"-",SUM(C5:F5)) -> 0.52361111

Sheet 分析
A1: 状态 | B1: (全部)
A3: 计数项:序号 | B3: 来访事项
A4: 来访时间 | B4: 参观 | C4: 公务 | D4: 会议 | E4: 活动 | F4: 总计
A5: 8时 | B5: 2 | C5: 1 | F5: 3
A6: 9时 | B6: 1 | C6: 2 | D6: 5 | E6: 1 | F6: 9
A7: 10时 | B7: 1 | C7: 2 | D7: 1 | E7: 2 | F7: 6
A8: 11时 | C8: 5 | F8: 5
A9: 12时 | D9: 1 | F9: 1
A10: 13时 | C10: 1 | D10: 1 | F10: 2
A11: 14时 | B11: 1 | C11: 3 | D11: 2 | F11: 6
A12: 15时 | B12: 1 | C12: 4 | D12: 5 | F12: 10
A13: 16时 | B13: 1 | D13: 3 | E13: 2 | F13: 6
A14: 17时 | C14: 2 | F14: 2
A15: 总计 | B15: 7 | C15: 20 | D15: 18 | E15: 5 | F15: 50
