Workbook

Sheet 首页

Sheet 入库明细
A1: 入库日期 | B1: 产品编码 | C1: 产品类别 | D1: 产品名称 | E1: 产品规格 | F1: 货架位置 | G1: 入库数量 | H1: 入库人
A2: 44287 | B2: SLF2252 | C2: =VLOOKUP($B2,产品信息!$A$1:$E$9,2,FALSE) -> 电子产品 | D2: =VLOOKUP($B2,产品信息!$A$1:$E$9,3,FALSE) -> SLF | E2: =VLOOKUP($B2,产品信息!$A$1:$E$9,4,FALSE) -> D52 | F2: =VLOOKUP($B2,产品信息!$A$1:$E$9,5,FALSE) -> 4#15 | G2: 1260 | H2: 张山
A3: 44288 | B3: ZXQ2820 | C3: =VLOOKUP($B3,产品信息!$A$1:$E$9,2,FALSE) -> 办公用品 | D3: =VLOOKUP($B3,产品信息!$A$1:$E$9,3,FALSE) -> ZXQ | E3: =VLOOKUP($B3,产品信息!$A$1:$E$9,4,FALSE) -> B20 | F3: =VLOOKUP($B3,产品信息!$A$1:$E$9,5,FALSE) -> 2#12 | G3: 800 | H3: 张山
A4: 44291 | B4: YSS1310 | C4: =VLOOKUP($B4,产品信息!$A$1:$E$9,2,FALSE) -> 电子产品 | D4: =VLOOKUP($B4,产品信息!$A$1:$E$9,3,FALSE) -> YSS | E4: =VLOOKUP($B4,产品信息!$A$1:$E$9,4,FALSE) -> C10 | F4: =VLOOKUP($B4,产品信息!$A$1:$E$9,5,FALSE) -> 3#13 | G4: 120 | H4: 张山
A5: 44291 | B5: YSS1430 | C5: =VLOOKUP($B5,产品信息!$A$1:$E$9,2,FALSE) -> 电子产品 | D5: =VLOOKUP($B5,产品信息!$A$1:$E$9,3,FALSE) -> YSS | E5: =VLOOKUP($B5,产品信息!$A$1:$E$9,4,FALSE) -> C30 | F5: =VLOOKUP($B5,产品信息!$A$1:$E$9,5,FALSE) -> 3#10 | G5: 940 | H5: 张山
A6: 44294 | B6: WT1520 | C6: =VLOOKUP($B6,产品信息!$A$1:$E$9,2,FALSE) -> 办公用品 | D6: =VLOOKUP($B6,产品信息!$A$1:$E$9,3,FALSE) -> WT | E6: =VLOOKUP($B6,产品信息!$A$1:$E$9,4,FALSE) -> A20 | F6: =VLOOKUP($B6,产品信息!$A$1:$E$9,5,FALSE) -> 1#10 | G6: 650 | H6: 张山
A7: 44294 | B7: YSS1430 | C7: =VLOOKUP($B7,产品信息!$A$1:$E$9,2,FALSE) -> 电子产品 | D7: =VLOOKUP($B7,产品信息!$A$1:$E$9,3,FALSE) -> YSS | E7: =VLOOKUP($B7,产品信息!$A$1:$E$9,4,FALSE) -> C30 | F7: =VLOOKUP($B7,产品信息!$A$1:$E$9,5,FALSE) -> 3#10 | G7: 1150 | H7: 张山
A8: 44298 | B8: SLF2252 | C8: =VLOOKUP($B8,产品信息!$A$1:$E$9,2,FALSE) -> 电子产品 | D8: =VLOOKUP($B8,产品信息!$A$1:$E$9,3,FALSE) -> SLF | E8: =VLOOKUP($B8,产品信息!$A$1:$E$9,4,FALSE) -> D52 | F8: =VLOOKUP($B8,产品信息!$A$1:$E$9,5,FALSE) -> 4#15 | G8: 590 | H8: 李师
A9: 44298 | B9: SLF2165 | C9: =VLOOKUP($B9,产品信息!$A$1:$E$9,2,FALSE) -> 电子产品 | D9: =VLOOKUP($B9,产品信息!$A$1:$E$9,3,FALSE) -> SLF | E9: =VLOOKUP($B9,产品信息!$A$1:$E$9,4,FALSE) -> D65 | F9: =VLOOKUP($B9,产品信息!$A$1:$E$9,5,FALSE) -> 4#20 | G9: 360 | H9: 李师
A10: 44302 | B10: YSS1310 | C10: =VLOOKUP($B10,产品信息!$A$1:$E$9,2,FALSE) -> 电子产品 | D10: =VLOOKUP($B10,产品信息!$A$1:$E$9,3,FALSE) -> YSS | E10: =VLOOKUP($B10,产品信息!$A$1:$E$9,4,FALSE) -> C10 | F10: =VLOOKUP($B10,产品信息!$A$1:$E$9,5,FALSE) -> 3#13 | G10: 1080 | H10: 李师
A11: 44302 | B11: WT1688 | C11: =VLOOKUP($B11,产品信息!$A$1:$E$9,2,FALSE) -> 办公用品 | D11: =VLOOKUP($B11,产品信息!$A$1:$E$9,3,FALSE) -> WT | E11: =VLOOKUP($B11,产品信息!$A$1:$E$9,4,FALSE) -> A88 | F11: =VLOOKUP($B11,产品信息!$A$1:$E$9,5,FALSE) -> 1#15 | G11: 650 | H11: 李师
A12: 44305 | B12: WT1688 | C12: =VLOOKUP($B12,产品信息!$A$1:$E$9,2,FALSE) -> 办公用品 | D12: =VLOOKUP($B12,产品信息!$A$1:$E$9,3,FALSE) -> WT | E12: =VLOOKUP($B12,产品信息!$A$1:$E$9,4,FALSE) -> A88 | F12: =VLOOKUP($B12,产品信息!$A$1:$E$9,5,FALSE) -> 1#15 | G12: 600 | H12: 李师
A13: 44305 | B13: ZXQ2566 | C13: =VLOOKUP($B13,产品信息!$A$1:$E$9,2,FALSE) -> 办公用品 | D13: =VLOOKUP($B13,产品信息!$A$1:$E$9,3,FALSE) -> ZXQ | E13: =VLOOKUP($B13,产品信息!$A$1:$E$9,4,FALSE) -> B66 | F13: =VLOOKUP($B13,产品信息!$A$1:$E$9,5,FALSE) -> 2#18 | G13: 550 | H13: 李师
... A17: 44314 | B17: SLF2252 | C17: =VLOOKUP($B17,产品信息!$A$1:$E$9,2,FALSE) -> 电子产品 | D17: =VLOOKUP($B17,产品信息!$A$1:$E$9,3,FALSE) -> SLF | E17: =VLOOKUP($B17,产品信息!$A$1:$E$9,4,FALSE) -> D52 | F17: =VLOOKUP($B17,产品信息!$A$1:$E$9,5,FALSE) -> 4#15 | G17: 760 | H17: 李师

Sheet 出库明细
A1: 出库日期 | B1: 产品编码 | C1: 产品类别 | D1: 产品名称 | E1: 产品规格 | F1: 货架位置 | G1: 出库数量 | H1: 出库人
A2: 44294 | B2: ZXQ2820 | C2: =VLOOKUP($B2,产品信息!$A$1:$E$9,2,FALSE) -> 办公用品 | D2: =VLOOKUP($B2,产品信息!$A$1:$E$9,3,FALSE) -> ZXQ | E2: =VLOOKUP($B2,产品信息!$A$1:$E$9,4,FALSE) -> B20 | F2: =VLOOKUP($B2,产品信息!$A$1:$E$9,5,FALSE) -> 2#12 | G2: 365 | H2: 王武
A3: 44295 | B3: YSS1430 | C3: =VLOOKUP($B3,产品信息!$A$1:$E$9,2,FALSE) -> 电子产品 | D3: =VLOOKUP($B3,产品信息!$A$1:$E$9,3,FALSE) -> YSS | E3: =VLOOKUP($B3,产品信息!$A$1:$E$9,4,FALSE) -> C30 | F3: =VLOOKUP($B3,产品信息!$A$1:$E$9,5,FALSE) -> 3#10 | G3: 440 | H3: 王武
A4: 44298 | B4: YSS1310 | C4: =VLOOKUP($B4,产品信息!$A$1:$E$9,2,FALSE) -> 电子产品 | D4: =VLOOKUP($B4,产品信息!$A$1:$E$9,3,FALSE) -> YSS | E4: =VLOOKUP($B4,产品信息!$A$1:$E$9,4,FALSE) -> C10 | F4: =VLOOKUP($B4,产品信息!$A$1:$E$9,5,FALSE) -> 3#13 | G4: 1258 | H4: 王武
A5: 44299 | B5: WT1688 | C5: =VLOOKUP($B5,产品信息!$A$1:$E$9,2,FALSE) -> 办公用品 | D5: =VLOOKUP($B5,产品信息!$A$1:$E$9,3,FALSE) -> WT | E5: =VLOOKUP($B5,产品信息!$A$1:$E$9,4,FALSE) -> A88 | F5: =VLOOKUP($B5,产品信息!$A$1:$E$9,5,FALSE) -> 1#15 | G5: 385 | H5: 王武
A6: 44301 | B6: YSS1430 | C6: =VLOOKUP($B6,产品信息!$A$1:$E$9,2,FALSE) -> 电子产品 | D6: =VLOOKUP($B6,产品信息!$A$1:$E$9,3,FALSE) -> YSS | E6: =VLOOKUP($B6,产品信息!$A$1:$E$9,4,FALSE) -> C30 | F6: =VLOOKUP($B6,产品信息!$A$1:$E$9,5,FALSE) -> 3#10 | G6: 1300 | H6: 王武
A7: 44301 | B7: WT1520 | C7: =VLOOKUP($B7,产品信息!$A$1:$E$9,2,FALSE) -> 办公用品 | D7: =VLOOKUP($B7,产品信息!$A$1:$E$9,3,FALSE) -> WT | E7: =VLOOKUP($B7,产品信息!$A$1:$E$9,4,FALSE) -> A20 | F7: =VLOOKUP($B7,产品信息!$A$1:$E$9,5,FALSE) -> 1#10 | G7: 240 | H7: 王武
A8: 44302 | B8: SLF2252 | C8: =VLOOKUP($B8,产品信息!$A$1:$E$9,2,FALSE) -> 电子产品 | D8: =VLOOKUP($B8,产品信息!$A$1:$E$9,3,FALSE) -> SLF | E8: =VLOOKUP($B8,产品信息!$A$1:$E$9,4,FALSE) -> D52 | F8: =VLOOKUP($B8,产品信息!$A$1:$E$9,5,FALSE) -> 4#15 | G8: 1130 | H8: 王武
A9: 44305 | B9: SLF2252 | C9: =VLOOKUP($B9,产品信息!$A$1:$E$9,2,FALSE) -> 电子产品 | D9: =VLOOKUP($B9,产品信息!$A$1:$E$9,3,FALSE) -> SLF | E9: =VLOOKUP($B9,产品信息!$A$1:$E$9,4,FALSE) -> D52 | F9: =VLOOKUP($B9,产品信息!$A$1:$E$9,5,FALSE) -> 4#15 | G9: 895 | H9: 王武
A10: 44306 | B10: WT1520 | C10: =VLOOKUP($B10,产品信息!$A$1:$E$9,2,FALSE) -> 办公用品 | D10: =VLOOKUP($B10,产品信息!$A$1:$E$9,3,FALSE) -> WT | E10: =VLOOKUP($B10,产品信息!$A$1:$E$9,4,FALSE) -> A20 | F10: =VLOOKUP($B10,产品信息!$A$1:$E$9,5,FALSE) -> 1#10 | G10: 460 | H10: 王武
A11: 44309 | B11: SLF2252 | C11: =VLOOKUP($B11,产品信息!$A$1:$E$9,2,FALSE) -> 电子产品 | D11: =VLOOKUP($B11,产品信息!$A$1:$E$9,3,FALSE) -> SLF | E11: =VLOOKUP($B11,产品信息!$A$1:$E$9,4,FALSE) -> D52 | F11: =VLOOKUP($B11,产品信息!$A$1:$E$9,5,FALSE) -> 4#15 | G11: 715 | H11: 王武
A12: 44309 | B12: WT1688 | C12: =VLOOKUP($B12,产品信息!$A$1:$E$9,2,FALSE) -> 办公用品 | D12: =VLOOKUP($B12,产品信息!$A$1:$E$9,3,FALSE) -> WT | E12: =VLOOKUP($B12,产品信息!$A$1:$E$9,4,FALSE) -> A88 | F12: =VLOOKUP($B12,产品信息!$A$1:$E$9,5,FALSE) -> 1#15 | G12: 550 | H12: 赵柳
A13: 44309 | B13: SLF2165 | C13: =VLOOKUP($B13,产品信息!$A$1:$E$9,2,FALSE) -> 电子产品 | D13: =VLOOKUP($B13,产品信息!$A$1:$E$9,3,FALSE) -> SLF | E13: =VLOOKUP($B13,产品信息!$A$1:$E$9,4,FALSE) -> D65 | F13: =VLOOKUP($B13,产品信息!$A$1:$E$9,5,FALSE) -> 4#20 | G13: 165 | H13: 赵柳
... A17: 44315 | B17: WT1520 | C17: =VLOOKUP($B17,产品信息!$A$1:$E$9,2,FALSE) -> 办公用品 | D17: =VLOOKUP($B17,产品信息!$A$1:$E$9,3,FALSE) -> WT | E17: =VLOOKUP($B17,产品信息!$A$1:$E$9,4,FALSE) -> A20 | F17: =VLOOKUP($B17,产品信息!$A$1:$E$9,5,FALSE) -> 1#10 | G17: 500 | H17: 赵柳

Sheet 产品库存
A1: 产品编码 | B1: 产品类别 | C1: 产品名称 | D1: 产品规格 | E1: 货架位置 | F1: 期初库存 | G1: 入库数量 | H1: 出库数量 | I1: 库存数量 | J1: 库存状态 | L1: 库存数量 | M1: 库存状态
A2: =产品信息!A2 -> WT1520 | B2: =产品信息!B2 -> 办公用品 | C2: =产品信息!C2 -> WT | D2: =产品信息!D2 -> A20 | E2: =产品信息!E2 -> 1#10 | F2: 60 | G2: =SUMIFS(入库明细!G:G,入库明细!B:B,A2) -> 1170 | H2: =SUMIFS(出库明细!G:G,出库明细!B:B,A2) -> 1200 | I2: =F2+G2-H2 -> 30 | J2: =VLOOKUP(I2,$L$1:$M$5,2,TRUE) -> 紧缺 | L2: 0 | M2: 紧缺
A3: =产品信息!A3 -> WT1688 | B3: =产品信息!B3 -> 办公用品 | C3: =产品信息!C3 -> WT | D3: =产品信息!D3 -> A88 | E3: =产品信息!E3 -> 1#15 | F3: 87 | G3: =SUMIFS(入库明细!G:G,入库明细!B:B,A3) -> 1250 | H3: =SUMIFS(出库明细!G:G,出库明细!B:B,A3) -> 935 | I3: =F3+G3-H3 -> 402 | J3: =VLOOKUP(I3,$L$1:$M$5,2,TRUE) -> 正常 | L3: 50 | M3: 预警
A4: =产品信息!A4 -> ZXQ2820 | B4: =产品信息!B4 -> 办公用品 | C4: =产品信息!C4 -> ZXQ | D4: =产品信息!D4 -> B20 | E4: =产品信息!E4 -> 2#12 | F4: 105 | G4: =SUMIFS(入库明细!G:G,入库明细!B:B,A4) -> 1450 | H4: =SUMIFS(出库明细!G:G,出库明细!B:B,A4) -> 825 | I4: =F4+G4-H4 -> 730 | J4: =VLOOKUP(I4,$L$1:$M$5,2,TRUE) -> 充足 | L4: 200 | M4: 正常
A5: =产品信息!A5 -> ZXQ2566 | B5: =产品信息!B5 -> 办公用品 | C5: =产品信息!C5 -> ZXQ | D5: =产品信息!D5 -> B66 | E5: =产品信息!E5 -> 2#18 | F5: 122 | G5: =SUMIFS(入库明细!G:G,入库明细!B:B,A5) -> 1600 | H5: =SUMIFS(出库明细!G:G,出库明细!B:B,A5) -> 1575 | I5: =F5+G5-H5 -> 147 | J5: =VLOOKUP(I5,$L$1:$M$5,2,TRUE) -> 预警 | L5: 500 | M5: 充足
A6: =产品信息!A6 -> YSS1430 | B6: =产品信息!B6 -> 电子产品 | C6: =产品信息!C6 -> YSS | D6: =产品信息!D6 -> C30 | E6: =产品信息!E6 -> 3#10 | F6: 210 | G6: =SUMIFS(入库明细!G:G,入库明细!B:B,A6) -> 2090 | H6: =SUMIFS(出库明细!G:G,出库明细!B:B,A6) -> 1740 | I6: =F6+G6-H6 -> 560 | J6: =VLOOKUP(I6,$L$1:$M$5,2,TRUE) -> 充足
A7: =产品信息!A7 -> YSS1310 | B7: =产品信息!B7 -> 电子产品 | C7: =产品信息!C7 -> YSS | D7: =产品信息!D7 -> C10 | E7: =产品信息!E7 -> 3#13 | F7: 153 | G7: =SUMIFS(入库明细!G:G,入库明细!B:B,A7) -> 1200 | H7: =SUMIFS(出库明细!G:G,出库明细!B:B,A7) -> 1258 | I7: =F7+G7-H7 -> 95 | J7: =VLOOKUP(I7,$L$1:$M$5,2,TRUE) -> 预警 | L7: 库存数量N对应库存状态：N≥500充足，200≤N<500正常，50≤N<200预警，N<50紧缺
A8: =产品信息!A8 -> SLF2252 | B8: =产品信息!B8 -> 电子产品 | C8: =产品信息!C8 -> SLF | D8: =产品信息!D8 -> D52 | E8: =产品信息!E8 -> 4#15 | F8: 165 | G8: =SUMIFS(入库明细!G:G,入库明细!B:B,A8) -> 2610 | H8: =SUMIFS(出库明细!G:G,出库明细!B:B,A8) -> 2740 | I8: =F8+G8-H8 -> 35 | J8: =VLOOKUP(I8,$L$1:$M$5,2,TRUE) -> 紧缺
A9: =产品信息!A9 -> SLF2165 | B9: =产品信息!B9 -> 电子产品 | C9: =产品信息!C9 -> SLF | D9: =产品信息!D9 -> D65 | E9: =产品信息!E9 -> 4#20 | F9: 150 | G9: =SUMIFS(入库明细!G:G,入库明细!B:B,A9) -> 360 | H9: =SUMIFS(出库明细!G:G,出库明细!B:B,A9) -> 235 | I9: =F9+G9-H9 -> 275 | J9: =VLOOKUP(I9,$L$1:$M$5,2,TRUE) -> 正常
A15: 求和项:库存数量 | C15: 库存状态
A16: 产品名称 | B16: 产品规格 | C16: 紧缺 | D16: 预警 | E16: 正常 | F16: 充足
A17: SLF
B18: D52 | C18: 35
B19: D65 | E19: 275
A20: WT
B21: A20 | C21: 30
B22: A88 | E22: 402
A23: YSS
B24: C10 | D24: 95
B25: C30 | F25: 560
A26: ZXQ
B27: B20 | F27: 730
B28: B66 | D28: 147

Sheet 产品查询
A1: 请输入产品编码 | B1: 产品类别 | C1: 产品名称 | D1: 产品规格 | E1: 货架位置 | F1: 期初库存 | G1: 入库数量 | H1: 出库数量 | I1: 库存数量 | J1: 库存状态
A2: WT1520 | B2: =IFERROR(VLOOKUP($A$2,产品库存!$A$1:$J$9,COLUMN(B1),FALSE),"产品编码错误") -> 办公用品 | C2: =IFERROR(VLOOKUP($A$2,产品库存!$A$1:$J$9,COLUMN(C1),FALSE),"产品编码错误") -> WT | D2: =IFERROR(VLOOKUP($A$2,产品库存!$A$1:$J$9,COLUMN(D1),FALSE),"产品编码错误") -> A20 | E2: =IFERROR(VLOOKUP($A$2,产品库存!$A$1:$J$9,COLUMN(E1),FALSE),"产品编码错误") -> 1#10 | F2: =IFERROR(VLOOKUP($A$2,产品库存!$A$1:$J$9,COLUMN(F1),FALSE),"产品编码错误") -> 60 | G2: =IFERROR(VLOOKUP($A$2,产品库存!$A$1:$J$9,COLUMN(G1),FALSE),"产品编码错误") -> 1170 | H2: =IFERROR(VLOOKUP($A$2,产品库存!$A$1:$J$9,COLUMN(H1),FALSE),"产品编码错误") -> 1200 | I2: =IFERROR(VLOOKUP($A$2,产品库存!$A$1:$J$9,COLUMN(I1),FALSE),"产品编码错误") -> 30 | J2: =IFERROR(VLOOKUP($A$2,产品库存!$A$1:$J$9,COLUMN(J1),FALSE),"产品编码错误") -> 紧缺

Sheet 产品信息
A1: 产品编码 | B1: 产品类别 | C1: 产品名称 | D1: 产品规格 | E1: 货架位置 | F1: 产品图片
A2: WT1520 | B2: 办公用品 | C2: WT | D2: A20 | E2: 1#10 | F2: =_xlfn.DISPIMG("ID_DF647938BC3C44A1969A718BF8600290",1) -> =DISPIMG("ID_DF647938BC3C44A1969A718BF8600290",1)
A3: WT1688 | B3: 办公用品 | C3: WT | D3: A88 | E3: 1#15 | F3: =_xlfn.DISPIMG("ID_E71B0137D75746918D82DED42A275FAE",1) -> =DISPIMG("ID_E71B0137D75746918D82DED42A275FAE",1)
A4: ZXQ2820 | B4: 办公用品 | C4: ZXQ | D4: B20 | E4: 2#12 | F4: =_xlfn.DISPIMG("ID_1AFAA36392164E58949FCC7DD271F14D",1) -> =DISPIMG("ID_1AFAA36392164E58949FCC7DD271F14D",1)
A5: ZXQ2566 | B5: 办公用品 | C5: ZXQ | D5: B66 | E5: 2#18 | F5: =_xlfn.DISPIMG("ID_46C90B1BC2594A4F9542CAD988D536DF",1) -> =DISPIMG("ID_46C90B1BC2594A4F9542CAD988D536DF",1)
A6: YSS1430 | B6: 电子产品 | C6: YSS | D6: C30 | E6: 3#10 | F6: =_xlfn.DISPIMG("ID_FD24E4D7218046619E60AF2AC617FBAE",1) -> =DISPIMG("ID_FD24E4D7218046619E60AF2AC617FBAE",1)
A7: YSS1310 | B7: 电子产品 | C7: YSS | D7: C10 | E7: 3#13 | F7: =_xlfn.DISPIMG("ID_7B7869FABFA9489BA77A5746B54CBAD1",1) -> =DISPIMG("ID_7B7869FABFA9489BA77A5746B54CBAD1",1)
A8: SLF2252 | B8: 电子产品 | C8: SLF | D8: D52 | E8: 4#15 | F8: =_xlfn.DISPIMG("ID_6DF7EC1379C44870BBEABA9C3E18ED15",1) -> =DISPIMG("ID_6DF7EC1379C44870BBEABA9C3E18ED15",1)
A9: SLF2165 | B9: 电子产品 | C9: SLF | D9: D65 | E9: 4#20 | F9: =_xlfn.DISPIMG("ID_C0B57C7F5E534D48B379A02DADA3FF9C",1) -> =DISPIMG("ID_C0B57C7F5E534D48B379A02DADA3FF9C",1)

Sheet 使用帮助
A1: 1、请在产品信息表中预先录入各种产品的编码、类别、名称、规格以及对应的货架
A2: 2、请在入库明细表中录入入库日期、产品编码、数量、入库人，其他列由公式自动生成显示，无需手动录入
A3: 3、请在出库明细表中录入出库日期、产品编码、数量、入库人，其他列由公式自动生成显示，无需手动录入
A4: 4、请在产品库存表中列出产品信息表中的数据行，并手动填入期初库存，其他列由公式自动生成显示，无需手动录入
A5: 5、请在产品查询表中录入待查询的产品编码，其他数据由公式自动生成显示，无需手动录入
