Workbook

Sheet 成绩
A1: 学号 | B1: 专业(英) | C1: 专业 | D1: 题目1 | E1: 题目2 | F1: 题目3 | G1: 题目4 | H1: 题目5 | I1: 题目6 | J1: 题目7 | K1: 题目8 | L1: 题目9 | M1: 题目10 | N1: 总成绩
A2: 20171115 | B2: ACC | C2: =VLOOKUP(B2,专业代码!$B$2:$C$8,2,FALSE) -> 会计学 | D2: 8.8 | E2: 8 | F2: 6.6 | G2: 7.6 | H2: 6.6 | I2: 7.5 | J2: 7.4 | K2: 6.7 | L2: 6.7 | M2: 5.8 | N2: =SUM(D2:M2) -> 71.7
A3: 20175371 | B3: ACC | C3: =VLOOKUP(B3,专业代码!$B$2:$C$8,2,FALSE) -> 会计学 | D3: 7.3 | E3: 8.3 | F3: 7 | G3: 8.5 | H3: 8.4 | I3: 7.7 | J3: 7.7 | K3: 5.8 | L3: 6.2 | M3: 5.8 | N3: =SUM(D3:M3) -> 72.7
A4: 20178649 | B4: ACC | C4: =VLOOKUP(B4,专业代码!$B$2:$C$8,2,FALSE) -> 会计学 | D4: 8.6 | E4: 7.2 | F4: 8.3 | G4: 8.2 | H4: 7 | I4: 8.7 | J4: 7.8 | K4: 6.2 | L4: 6.8 | M4: 5.7 | N4: =SUM(D4:M4) -> 74.5
A5: 20172824 | B5: ACC | C5: =VLOOKUP(B5,专业代码!$B$2:$C$8,2,FALSE) -> 会计学 | D5: 8.2 | E5: 8 | F5: 8.2 | G5: 7.8 | H5: 7.3 | I5: 8.5 | J5: 8 | K5: 6.9 | L5: 6.5 | M5: 6.2 | N5: =SUM(D5:M5) -> 75.6
A6: 20176246 | B6: ACC | C6: =VLOOKUP(B6,专业代码!$B$2:$C$8,2,FALSE) -> 会计学 | D6: 8.4 | E6: 8.5 | F6: 7.1 | G6: 7.7 | H6: 9.2 | I6: 8.3 | J6: 6 | K6: 5.4 | L6: 7.1 | M6: 5 | N6: =SUM(D6:M6) -> 72.7
A7: 20176476 | B7: ACC | C7: =VLOOKUP(B7,专业代码!$B$2:$C$8,2,FALSE) -> 会计学 | D7: 7.5 | E7: 8.3 | F7: 8.1 | G7: 8.4 | H7: 7.6 | I7: 6.9 | J7: 7.2 | K7: 7.9 | L7: 6.6 | M7: 8.6 | N7: =SUM(D7:M7) -> 77.1
A8: 20176729 | B8: ACC | C8: =VLOOKUP(B8,专业代码!$B$2:$C$8,2,FALSE) -> 会计学 | D8: 8 | E8: 7.5 | F8: 8.6 | G8: 7.7 | H8: 7.5 | I8: 6 | J8: 6.7 | K8: 5.4 | L8: 8.6 | M8: 7.7 | N8: =SUM(D8:M8) -> 73.7
A9: 20177508 | B9: ACC | C9: =VLOOKUP(B9,专业代码!$B$2:$C$8,2,FALSE) -> 会计学 | D9: 8.5 | E9: 8 | F9: 6.9 | G9: 7.6 | H9: 8.8 | I9: 7.1 | J9: 6.8 | K9: 7.5 | L9: 6.7 | M9: 6.1 | N9: =SUM(D9:M9) -> 74
A10: 20171322 | B10: ACC | C10: =VLOOKUP(B10,专业代码!$B$2:$C$8,2,FALSE) -> 会计学 | D10: 8.7 | E10: 8 | F10: 7.2 | G10: 7.3 | H10: 7.4 | I10: 6.9 | J10: 7.9 | K10: 5.7 | L10: 7.5 | M10: 6.4 | N10: =SUM(D10:M10) -> 73
A11: 20172196 | B11: ACC | C11: =VLOOKUP(B11,专业代码!$B$2:$C$8,2,FALSE) -> 会计学 | D11: 8 | E11: 8.6 | F11: 7.4 | G11: 8.2 | H11: 6.4 | I11: 7.2 | J11: 7.1 | K11: 6.9 | L11: 6.9 | M11: 6.4 | N11: =SUM(D11:M11) -> 73.1
A12: 20173652 | B12: ACC | C12: =VLOOKUP(B12,专业代码!$B$2:$C$8,2,FALSE) -> 会计学 | D12: 8.3 | E12: 7.8 | F12: 8 | G12: 7.7 | H12: 7.7 | I12: 7.5 | J12: 7.8 | K12: 7.6 | L12: 5.6 | M12: 6.7 | N12: =SUM(D12:M12) -> 74.7
A13: 20178073 | B13: ACC | C13: =VLOOKUP(B13,专业代码!$B$2:$C$8,2,FALSE) -> 会计学 | D13: 8.7 | E13: 7.8 | F13: 8.3 | G13: 6.7 | H13: 7.9 | I13: 8.1 | J13: 7.3 | K13: 6.7 | L13: 5.3 | M13: 8.5 | N13: =SUM(D13:M13) -> 75.3
... A1995: 20208911 | B1995: MRK | C1995: =VLOOKUP(B1995,专业代码!$B$2:$C$8,2,FALSE) -> 市场营销 | D1995: 7.6 | E1995: 7.1 | F1995: 6.2 | G1995: 7.2 | H1995: 5.4 | I1995: 5.6 | J1995: 7.2 | K1995: 5.3 | L1995: 3.8 | M1995: 5.8 | N1995: =SUM(D1995:M1995) -> 61.2

Sheet 成绩分析1
C3: 分段成绩统计分析
C4: 分段说明 | D4: 人数统计
C5: 60分以下 | D5: =COUNTIF(成绩!N:N,"<60") -> 26
C6: 60-70分（含 60分） | D6: =COUNTIFS(成绩!N:N,">=60",成绩!N:N,"<70") -> 521
C7: 70-80分（含 70分） | D7: =COUNTIFS(成绩!N:N,">=70",成绩!N:N,"<80") -> 1121
C8: 80-90分（含 80分） | D8: =COUNTIFS(成绩!N:N,">=80",成绩!N:N,"<90") -> 310
C9: 90分以上（含 90分） | D9: =COUNTIF(成绩!N:N,">=90") -> 16

Sheet 成绩分析2
B1: 成绩分析
C2: 题目1 | D2: 题目2 | E2: 题目3 | F2: 题目4 | G2: 题目5 | H2: 题目6 | I2: 题目7 | J2: 题目8 | K2: 题目9 | L2: 题目10
B3: 平均分 | C3: =AVERAGE(成绩!D:D) -> 8.3002006 | D3: =AVERAGE(成绩!E:E) -> 8.1135406 | E3: =AVERAGE(成绩!F:F) -> 7.9974925 | F3: =AVERAGE(成绩!G:G) -> 7.818656 | G3: =AVERAGE(成绩!H:H) -> 7.5141926 | H3: =AVERAGE(成绩!I:I) -> 7.3184052 | I3: =AVERAGE(成绩!J:J) -> 7.1165998 | J3: =AVERAGE(成绩!K:K) -> 6.9234203 | K3: =AVERAGE(成绩!L:L) -> 6.7042628 | L3: =AVERAGE(成绩!M:M) -> 6.1092778
B4: 最高分 | C4: =MAX(成绩!D:D) -> 10 | D4: =MAX(成绩!E:E) -> 10 | E4: =MAX(成绩!F:F) -> 10 | F4: =MAX(成绩!G:G) -> 10 | G4: =MAX(成绩!H:H) -> 10 | H4: =MAX(成绩!I:I) -> 10 | I4: =MAX(成绩!J:J) -> 10 | J4: =MAX(成绩!K:K) -> 9.9 | K4: =MAX(成绩!L:L) -> 10 | L4: =MAX(成绩!M:M) -> 9.9
B5: 最低分 | C5: =MIN(成绩!D:D) -> 5.8 | D5: =MIN(成绩!E:E) -> 5.6 | E5: =MIN(成绩!F:F) -> 3 | F5: =MIN(成绩!G:G) -> 5 | G5: =MIN(成绩!H:H) -> 4.4 | H5: =MIN(成绩!I:I) -> 4 | I5: =MIN(成绩!J:J) -> 2 | J5: =MIN(成绩!K:K) -> 3.6 | K5: =MIN(成绩!L:L) -> 2.9 | L5: =MIN(成绩!M:M) -> 1.9
B6: 高于9分的人数（含9分） | C6: =COUNTIF(成绩!D:D,">=9") -> 432 | D6: =COUNTIF(成绩!E:E,">=9") -> 326 | E6: =COUNTIF(成绩!F:F,">=9") -> 258 | F6: =COUNTIF(成绩!G:G,">=9") -> 185 | G6: =COUNTIF(成绩!H:H,">=9") -> 149 | H6: =COUNTIF(成绩!I:I,">=9") -> 93 | I6: =COUNTIF(成绩!J:J,">=9") -> 93 | J6: =COUNTIF(成绩!K:K,">=9") -> 69 | K6: =COUNTIF(成绩!L:L,">=9") -> 55 | L6: =COUNTIF(成绩!M:M,">=9") -> 25
B7: 低于5分的人数（不含5分） | C7: =COUNTIF(成绩!D:D,"<5") -> 0 | D7: =COUNTIF(成绩!E:E,"<5") -> 0 | E7: =COUNTIF(成绩!F:F,"<5") -> 1 | F7: =COUNTIF(成绩!G:G,"<5") -> 0 | G7: =COUNTIF(成绩!H:H,"<5") -> 6 | H7: =COUNTIF(成绩!I:I,"<5") -> 13 | I7: =COUNTIF(成绩!J:J,"<5") -> 32 | J7: =COUNTIF(成绩!K:K,"<5") -> 54 | K7: =COUNTIF(成绩!L:L,"<5") -> 118 | L7: =COUNTIF(成绩!M:M,"<5") -> 375
C10: 按学生总成绩排名（前20名） | H10: 总成绩前20名学生的分布
C11: 名次 | D11: 学号 | E11: 专业 | F11: 总成绩 | I11: 专业 | J11: 人数
C12: 1 | D12: =INDEX(成绩!A:A,MATCH(F12,成绩!N:N,0)) -> 20182386 | E12: =INDEX(成绩!C:C,MATCH(F12,成绩!N:N,0)) -> 管理信息系统 | F12: =LARGE(成绩!N:N,C12) -> 95 | I12: 会计学 | J12: =COUNTIF(E:E,I12) -> 6
C13: 2 | D13: =INDEX(成绩!A:A,MATCH(F13,成绩!N:N,0)) -> 20182064 | E13: =INDEX(成绩!C:C,MATCH(F13,成绩!N:N,0)) -> 管理信息系统 | F13: =LARGE(成绩!N:N,C13) -> 94.7 | I13: 金融工程 | J13: =COUNTIF(E:E,I13) -> 2
C14: 3 | D14: =INDEX(成绩!A:A,MATCH(F14,成绩!N:N,0)) -> 20186621 | E14: =INDEX(成绩!C:C,MATCH(F14,成绩!N:N,0)) -> 金融学 | F14: =LARGE(成绩!N:N,C14) -> 93 | I14: 金融学 | J14: =COUNTIF(E:E,I14) -> 5
C15: 4 | D15: =INDEX(成绩!A:A,MATCH(F15,成绩!N:N,0)) -> 20181819 | E15: =INDEX(成绩!C:C,MATCH(F15,成绩!N:N,0)) -> 金融学 | F15: =LARGE(成绩!N:N,C15) -> 92.2 | I15: 保险学 | J15: =COUNTIF(E:E,I15) -> 1
C16: 5 | D16: =INDEX(成绩!A:A,MATCH(F16,成绩!N:N,0)) -> 20196268 | E16: =INDEX(成绩!C:C,MATCH(F16,成绩!N:N,0)) -> 管理信息系统 | F16: =LARGE(成绩!N:N,C16) -> 91.7 | I16: 管理信息系统 | J16: =COUNTIF(E:E,I16) -> 5
C17: 6 | D17: =INDEX(成绩!A:A,MATCH(F17,成绩!N:N,0)) -> 20191310 | E17: =INDEX(成绩!C:C,MATCH(F17,成绩!N:N,0)) -> 金融工程 | F17: =LARGE(成绩!N:N,C17) -> 91.6 | I17: 市场营销 | J17: =COUNTIF(E:E,I17) -> 1
C18: 7 | D18: =INDEX(成绩!A:A,MATCH(F18,成绩!N:N,0)) -> 20195342 | E18: =INDEX(成绩!C:C,MATCH(F18,成绩!N:N,0)) -> 会计学 | F18: =LARGE(成绩!N:N,C18) -> 91.5
C19: 8 | D19: =INDEX(成绩!A:A,MATCH(F19,成绩!N:N,0)) -> 20182083 | E19: =INDEX(成绩!C:C,MATCH(F19,成绩!N:N,0)) -> 金融学 | F19: =LARGE(成绩!N:N,C19) -> 91.3
C20: 9 | D20: =INDEX(成绩!A:A,MATCH(F20,成绩!N:N,0)) -> 20186282 | E20: =INDEX(成绩!C:C,MATCH(F20,成绩!N:N,0)) -> 管理信息系统 | F20: =LARGE(成绩!N:N,C20) -> 91.1
C21: 10 | D21: =INDEX(成绩!A:A,MATCH(F21,成绩!N:N,0)) -> 20196008 | E21: =INDEX(成绩!C:C,MATCH(F21,成绩!N:N,0)) -> 会计学 | F21: =LARGE(成绩!N:N,C21) -> 91
C22: 11 | D22: =INDEX(成绩!A:A,MATCH(F22,成绩!N:N,0)) -> 20178664 | E22: =INDEX(成绩!C:C,MATCH(F22,成绩!N:N,0)) -> 保险学 | F22: =LARGE(成绩!N:N,C22) -> 90.8
C23: 12 | D23: =INDEX(成绩!A:A,MATCH(F23,成绩!N:N,0)) -> 20184332 | E23: =INDEX(成绩!C:C,MATCH(F23,成绩!N:N,0)) -> 会计学 | F23: =LARGE(成绩!N:N,C23) -> 90.7
C24: 13 | D24: =INDEX(成绩!A:A,MATCH(F24,成绩!N:N,0)) -> 20194588 | E24: =INDEX(成绩!C:C,MATCH(F24,成绩!N:N,0)) -> 会计学 | F24: =LARGE(成绩!N:N,C24) -> 90.5
C25: 14 | D25: =INDEX(成绩!A:A,MATCH(F25,成绩!N:N,0)) -> 20192361 | E25: =INDEX(成绩!C:C,MATCH(F25,成绩!N:N,0)) -> 金融工程 | F25: =LARGE(成绩!N:N,C25) -> 90.3
C26: 15 | D26: =INDEX(成绩!A:A,MATCH(F26,成绩!N:N,0)) -> 20191856 | E26: =INDEX(成绩!C:C,MATCH(F26,成绩!N:N,0)) -> 金融学 | F26: =LARGE(成绩!N:N,C26) -> 90.1
C27: 16 | D27: =INDEX(成绩!A:A,MATCH(F27,成绩!N:N,0)) -> 20198053 | E27: =INDEX(成绩!C:C,MATCH(F27,成绩!N:N,0)) -> 会计学 | F27: =LARGE(成绩!N:N,C27) -> 90
C28: 17 | D28: =INDEX(成绩!A:A,MATCH(F28,成绩!N:N,0)) -> 20179500 | E28: =INDEX(成绩!C:C,MATCH(F28,成绩!N:N,0)) -> 市场营销 | F28: =LARGE(成绩!N:N,C28) -> 89.9
C29: 18 | D29: =INDEX(成绩!A:A,MATCH(F29,成绩!N:N,0)) -> 20197004 | E29: =INDEX(成绩!C:C,MATCH(F29,成绩!N:N,0)) -> 金融学 | F29: =LARGE(成绩!N:N,C29) -> 89.7
... C31: 20 | D31: =INDEX(成绩!A:A,MATCH(F31,成绩!N:N,0)) -> 20195846 | E31: =INDEX(成绩!C:C,MATCH(F31,成绩!N:N,0)) -> 管理信息系统 | F31: =LARGE(成绩!N:N,C31) -> 89.2

Sheet 透视分析
A1: 学科分类 | B1: 专业 | C1: 平均成绩
A2: 经济学
B3: 保险学 | C3: 73.694286
B4: 金融工程 | C4: 73.415584
B5: 金融学 | C5: 79.3855
A6: 管理学
B7: 管理信息系统 | C7: 77.162255
B8: 会计学 | C8: 75.538786
B9: 市场营销 | C9: 67.749005
A10: 总计 | C10: 73.916048

Sheet 专业代码
B2: 代码 | C2: 专业
B3: ACC | C3: 会计学
B4: FENG | C4: 金融工程
B5: FIN | C5: 金融学
B6: INS | C6: 保险学
B7: MIS | C7: 管理信息系统
B8: MRK | C8: 市场营销

Sheet 成绩(原始备份)
A1: 学号 | B1: 题目1 | C1: 题目2 | D1: 题目3 | E1: 题目4 | F1: 题目5 | G1: 题目6 | H1: 题目7 | I1: 题目8 | J1: 题目9 | K1: 题目10 | L1: 总成绩
A2: 20171115ACC | B2: 8.8 | C2: 8 | D2: 6.6 | E2: 7.6 | F2: 6.6 | G2: 7.5 | H2: 7.4 | I2: 6.7 | J2: 6.7 | K2: 5.8
A3: 20175371ACC | B3: 7.3 | C3: 8.3 | D3: 7 | E3: 8.5 | F3: 8.4 | G3: 7.7 | H3: 7.7 | I3: 5.8 | J3: 6.2 | K3: 5.8
A4: 20178649ACC | B4: 8.6 | C4: 7.2 | D4: 8.3 | E4: 8.2 | F4: 7 | G4: 8.7 | H4: 7.8 | I4: 6.2 | J4: 6.8 | K4: 5.7
A5: 20172824ACC | B5: 8.2 | C5: 8 | D5: 8.2 | E5: 7.8 | F5: 7.3 | G5: 8.5 | H5: 8 | I5: 6.9 | J5: 6.5 | K5: 6.2
A6: 20176246ACC | B6: 8.4 | C6: 8.5 | D6: 7.1 | E6: 7.7 | F6: 9.2 | G6: 8.3 | H6: 6 | I6: 5.4 | J6: 7.1 | K6: 5
A7: 20176476ACC | B7: 7.5 | C7: 8.3 | D7: 8.1 | E7: 8.4 | F7: 7.6 | G7: 6.9 | H7: 7.2 | I7: 7.9 | J7: 6.6 | K7: 8.6
A8: 20176729ACC | B8: 8 | C8: 7.5 | D8: 8.6 | E8: 7.7 | F8: 7.5 | G8: 6 | H8: 6.7 | I8: 5.4 | J8: 8.6 | K8: 7.7
A9: 20177508ACC | B9: 8.5 | C9: 8 | D9: 6.9 | E9: 7.6 | F9: 8.8 | G9: 7.1 | H9: 6.8 | I9: 7.5 | J9: 6.7 | K9: 6.1
A10: 20171322ACC | B10: 8.7 | C10: 8 | D10: 7.2 | E10: 7.3 | F10: 7.4 | G10: 6.9 | H10: 7.9 | I10: 5.7 | J10: 7.5 | K10: 6.4
A11: 20172196ACC | B11: 8 | C11: 8.6 | D11: 7.4 | E11: 8.2 | F11: 6.4 | G11: 7.2 | H11: 7.1 | I11: 6.9 | J11: 6.9 | K11: 6.4
A12: 20173652ACC | B12: 8.3 | C12: 7.8 | D12: 8 | E12: 7.7 | F12: 7.7 | G12: 7.5 | H12: 7.8 | I12: 7.6 | J12: 5.6 | K12: 6.7
A13: 20178073ACC | B13: 8.7 | C13: 7.8 | D13: 8.3 | E13: 6.7 | F13: 7.9 | G13: 8.1 | H13: 7.3 | I13: 6.7 | J13: 5.3 | K13: 8.5
... A1995: 20208911MRK | B1995: 7.6 | C1995: 7.1 | D1995: 6.2 | E1995: 7.2 | F1995: 5.4 | G1995: 5.6 | H1995: 7.2 | I1995: 5.3 | J1995: 3.8 | K1995: 5.8
